{
  "filename": ".50 GS.png",
  "stats": {
    "Damage": 0.6359833,
    "FireRate": 0.418410033,
    "Range": 0.338912129,
    "Accuracy": 0.57740587,
    "RecoilControl": 0.418410033,
    "Mobility": 0.5690377,
    "Handling": 0.5983264
  }
}