{
  "filename": "556 Icarus.png",
  "stats": {
    "Damage": 0.6736402,
    "FireRate": 0.669456065,
    "Range": 0.476987451,
    "Accuracy": 0.57740587,
    "RecoilControl": 0.439330548,
    "Mobility": 0.347280324,
    "Handling": 0.372384936
  }
}