{
  "filename": "900 Daemon.png",
  "stats": {
    "Damage": 0.472803354,
    "FireRate": 0.53556484,
    "Range": 0.242677823,
    "Accuracy": 0.686192453,
    "RecoilControl": 0.5523012,
    "Mobility": 0.510460258,
    "Handling": 0.5983264
  }
}