{
  "filename": "BAS-P.png",
  "stats": {
    "Damage": 0.439330548,
    "FireRate": 0.694560647,
    "Range": 0.372384936,
    "Accuracy": 0.585774064,
    "RecoilControl": 0.443514645,
    "Mobility": 0.510460258,
    "Handling": 0.5983264
  }
}