{
  "filename": "Bryson 800.png",
  "stats": {
    "Damage": 0.8033473,
    "FireRate": 0.414225936,
    "Range": 0.213389128,
    "Accuracy": 0.472803354,
    "RecoilControl": 0.42259413,
    "Mobility": 0.510460258,
    "Handling": 0.489539742
  }
}