{
  "filename": "Bryson 890.png",
  "stats": {
    "Damage": 0.8033473,
    "FireRate": 0.397489548,
    "Range": 0.209205016,
    "Accuracy": 0.30962342,
    "RecoilControl": 0.418410033,
    "Mobility": 0.556485355,
    "Handling": 0.5690377
  }
}