{
  "filename": "Carrack .300.png",
  "stats": {
    "Damage": 0.686192453,
    "FireRate": 0.418410033,
    "Range": 0.7112971,
    "Accuracy": 0.53556484,
    "RecoilControl": 0.6527197,
    "Mobility": 0.326359838,
    "Handling": 0.418410033
  }
}