{
  "filename": "Chimera.png",
  "stats": {
    "Damage": 0.476987451,
    "FireRate": 0.669456065,
    "Range": 0.359832644,
    "Accuracy": 0.288702935,
    "RecoilControl": 0.426778257,
    "Mobility": 0.506276131,
    "Handling": 0.5983264
  }
}