{
  "filename": "Cronen Squall.png",
  "stats": {
    "Damage": 0.6610879,
    "FireRate": 0.6443515,
    "Range": 0.384937227,
    "Accuracy": 0.30962342,
    "RecoilControl": 0.42259413,
    "Mobility": 0.460251033,
    "Handling": 0.594142258
  }
}