{
  "filename": "EBR-14.png",
  "stats": {
    "Damage": 0.64853555,
    "FireRate": 0.46443516,
    "Range": 0.410041839,
    "Accuracy": 0.694560647,
    "RecoilControl": 0.602510452,
    "Mobility": 0.359832644,
    "Handling": 0.510460258
  }
}