{
  "filename": "Expedite 12.png",
  "stats": {
    "Damage": 0.5313808,
    "FireRate": 0.389121354,
    "Range": 0.209205016,
    "Accuracy": 0.42259413,
    "RecoilControl": 0.556485355,
    "Mobility": 0.510460258,
    "Handling": 0.518828452
  }
}