{
  "filename": "Fennec 45.png",
  "stats": {
    "Damage": 0.439330548,
    "FireRate": 0.7866109,
    "Range": 0.221757323,
    "Accuracy": 0.384937227,
    "RecoilControl": 0.384937227,
    "Mobility": 0.6150628,
    "Handling": 0.5983264
  }
}