{
  "filename": "FJX Imperium.png",
  "stats": {
    "Damage": 0.8284519,
    "FireRate": 0.368200839,
    "Range": 0.707112968,
    "Accuracy": 0.665271938,
    "RecoilControl": 0.6443515,
    "Mobility": 0.301255226,
    "Handling": 0.426778257
  }
}