{
  "filename": "FR Avancer.png",
  "stats": {
    "Damage": 0.476987451,
    "FireRate": 0.7196653,
    "Range": 0.460251033,
    "Accuracy": 0.5146443,
    "RecoilControl": 0.397489548,
    "Mobility": 0.497907937,
    "Handling": 0.581589937
  }
}