{
  "filename": "FSS Hurricane.png",
  "stats": {
    "Damage": 0.472803354,
    "FireRate": 0.6443515,
    "Range": 0.426778257,
    "Accuracy": 0.677824259,
    "RecoilControl": 0.502092063,
    "Mobility": 0.510460258,
    "Handling": 0.5983264
  }
}