{
  "filename": "FTAC Recon.png",
  "stats": {
    "Damage": 0.53556484,
    "FireRate": 0.539748967,
    "Range": 0.351464421,
    "Accuracy": 0.30962342,
    "RecoilControl": 0.426778257,
    "Mobility": 0.460251033,
    "Handling": 0.581589937
  }
}