{
  "filename": "FTAC Seige.png",
  "stats": {
    "Damage": 0.426778257,
    "FireRate": 0.7866109,
    "Range": 0.230125517,
    "Accuracy": 0.5606695,
    "RecoilControl": 0.364016742,
    "Mobility": 0.510460258,
    "Handling": 0.5983264
  }
}