{
  "filename": "GS Magna.png",
  "stats": {
    "Damage": 0.5146443,
    "FireRate": 0.539748967,
    "Range": 0.271966517,
    "Accuracy": 0.656903744,
    "RecoilControl": 0.468619257,
    "Mobility": 0.6359833,
    "Handling": 0.5983264
  }
}