{
  "filename": "HCR 56.png",
  "stats": {
    "Damage": 0.49372384,
    "FireRate": 0.6443515,
    "Range": 0.384937227,
    "Accuracy": 0.6066946,
    "RecoilControl": 0.426778257,
    "Mobility": 0.322175741,
    "Handling": 0.393305451
  }
}