{
  "filename": "ISO 9MM.png",
  "stats": {
    "Damage": 0.439330548,
    "FireRate": 0.7447699,
    "Range": 0.364016742,
    "Accuracy": 0.5690377,
    "RecoilControl": 0.485355645,
    "Mobility": 0.510460258,
    "Handling": 0.5983264
  }
}