{
  "filename": "ISO 45.png",
  "stats": {
    "Damage": 0.460251033,
    "FireRate": 0.702928841,
    "Range": 0.359832644,
    "Accuracy": 0.6066946,
    "RecoilControl": 0.426778257,
    "Mobility": 0.527196646,
    "Handling": 0.5983264
  }
}