{
  "filename": "ISO Hemlock.png",
  "stats": {
    "Damage": 0.476987451,
    "FireRate": 0.589958131,
    "Range": 0.42259413,
    "Accuracy": 0.485355645,
    "RecoilControl": 0.485355645,
    "Mobility": 0.489539742,
    "Handling": 0.5983264
  }
}