{
  "filename": "JOKR.png",
  "stats": {
    "Damage": 0.9707113,
    "FireRate": 0.368200839,
    "Range": 0.5146443,
    "Accuracy": 0.238493726,
    "RecoilControl": 0.7447699,
    "Mobility": 0.209205016,
    "Handling": 0.355648547
  }
}