{
  "filename": "Kastov 762.png",
  "stats": {
    "Damage": 0.502092063,
    "FireRate": 0.6066946,
    "Range": 0.443514645,
    "Accuracy": 0.330543935,
    "RecoilControl": 0.426778257,
    "Mobility": 0.468619257,
    "Handling": 0.589958131
  }
}