{
  "filename": "Kastov 74U.png",
  "stats": {
    "Damage": 0.489539742,
    "FireRate": 0.57740587,
    "Range": 0.393305451,
    "Accuracy": 0.30962342,
    "RecoilControl": 0.426778257,
    "Mobility": 0.518828452,
    "Handling": 0.5983264
  }
}