{
  "filename": "Kastov 545.png",
  "stats": {
    "Damage": 0.489539742,
    "FireRate": 0.61924684,
    "Range": 0.460251033,
    "Accuracy": 0.518828452,
    "RecoilControl": 0.426778257,
    "Mobility": 0.506276131,
    "Handling": 0.589958131
  }
}