{
  "filename": "KV Broadside.png",
  "stats": {
    "Damage": 0.476987451,
    "FireRate": 0.42259413,
    "Range": 0.209205016,
    "Accuracy": 0.30962342,
    "RecoilControl": 0.502092063,
    "Mobility": 0.539748967,
    "Handling": 0.5523012
  }
}