{
  "filename": "LA-B 330.png",
  "stats": {
    "Damage": 0.7949791,
    "FireRate": 0.368200839,
    "Range": 0.6610879,
    "Accuracy": 0.686192453,
    "RecoilControl": 0.6443515,
    "Mobility": 0.251046032,
    "Handling": 0.355648547
  }
}