{
  "filename": "Lachmann-556.png",
  "stats": {
    "Damage": 0.476987451,
    "FireRate": 0.6443515,
    "Range": 0.443514645,
    "Accuracy": 0.476987451,
    "RecoilControl": 0.485355645,
    "Mobility": 0.468619257,
    "Handling": 0.5983264
  }
}