{
  "filename": "Lachmann Shroud.png",
  "stats": {
    "Damage": 0.485355645,
    "FireRate": 0.435146451,
    "Range": 0.238493726,
    "Accuracy": 0.364016742,
    "RecoilControl": 0.5606695,
    "Mobility": 0.5606695,
    "Handling": 0.5983264
  }
}