{
  "filename": "Lachmann-762.png",
  "stats": {
    "Damage": 0.527196646,
    "FireRate": 0.548117161,
    "Range": 0.435146451,
    "Accuracy": 0.510460258,
    "RecoilControl": 0.502092063,
    "Mobility": 0.397489548,
    "Handling": 0.589958131
  }
}