{
  "filename": "Lachmann Sub.png",
  "stats": {
    "Damage": 0.447698742,
    "FireRate": 0.669456065,
    "Range": 0.359832644,
    "Accuracy": 0.585774064,
    "RecoilControl": 0.460251033,
    "Mobility": 0.573221743,
    "Handling": 0.5983264
  }
}