{
  "filename": "LM-S.png",
  "stats": {
    "Damage": 0.539748967,
    "FireRate": 0.485355645,
    "Range": 0.548117161,
    "Accuracy": 0.707112968,
    "RecoilControl": 0.426778257,
    "Mobility": 0.359832644,
    "Handling": 0.573221743
  }
}