{
  "filename": "Lockwood 300.png",
  "stats": {
    "Damage": 0.556485355,
    "FireRate": 0.439330548,
    "Range": 0.209205016,
    "Accuracy": 0.343096226,
    "RecoilControl": 0.49372384,
    "Mobility": 0.506276131,
    "Handling": 0.5230126
  }
}