{
  "filename": "Lockwood MK2.png",
  "stats": {
    "Damage": 0.677824259,
    "FireRate": 0.418410033,
    "Range": 0.430962354,
    "Accuracy": 0.640167356,
    "RecoilControl": 0.627615035,
    "Mobility": 0.439330548,
    "Handling": 0.556485355
  }
}