{
  "filename": "M13B.png",
  "stats": {
    "Damage": 0.476987451,
    "FireRate": 0.6820084,
    "Range": 0.38075313,
    "Accuracy": 0.30962342,
    "RecoilControl": 0.426778257,
    "Mobility": 0.502092063,
    "Handling": 0.5983264
  }
}