{
  "filename": "M13C.png",
  "stats": {
    "Damage": 0.472803354,
    "FireRate": 0.64853555,
    "Range": 0.271966517,
    "Accuracy": 0.259414226,
    "RecoilControl": 0.426778257,
    "Mobility": 0.53556484,
    "Handling": 0.5983264
  }
}