{
  "filename": "M16.png",
  "stats": {
    "Damage": 0.49372384,
    "FireRate": 0.46443516,
    "Range": 0.401673645,
    "Accuracy": 0.49372384,
    "RecoilControl": 0.502092063,
    "Mobility": 0.476987451,
    "Handling": 0.594142258
  }
}