{
  "filename": "M4.png",
  "stats": {
    "Damage": 0.640167356,
    "FireRate": 0.669456065,
    "Range": 0.426778257,
    "Accuracy": 0.30962342,
    "RecoilControl": 0.418410033,
    "Mobility": 0.506276131,
    "Handling": 0.5983264
  }
}