{
  "filename": "MCPR-300.png",
  "stats": {
    "Damage": 0.8117155,
    "FireRate": 0.368200839,
    "Range": 0.384937227,
    "Accuracy": 0.656903744,
    "RecoilControl": 0.61924684,
    "Mobility": 0.24686192,
    "Handling": 0.389121354
  }
}