{
  "filename": "Minibak.png",
  "stats": {
    "Damage": 0.46443516,
    "FireRate": 0.61924684,
    "Range": 0.288702935,
    "Accuracy": 0.305439323,
    "RecoilControl": 0.476987451,
    "Mobility": 0.543933034,
    "Handling": 0.5983264
  }
}