{
  "filename": "MX Guardian.png",
  "stats": {
    "Damage": 0.46443516,
    "FireRate": 0.518828452,
    "Range": 0.209205016,
    "Accuracy": 0.217573225,
    "RecoilControl": 0.384937227,
    "Mobility": 0.476987451,
    "Handling": 0.539748967
  }
}