{
  "filename": "MX9.png",
  "stats": {
    "Damage": 0.460251033,
    "FireRate": 0.640167356,
    "Range": 0.288702935,
    "Accuracy": 0.30962342,
    "RecoilControl": 0.518828452,
    "Mobility": 0.585774064,
    "Handling": 0.5983264
  }
}