{
  "filename": "P890.png",
  "stats": {
    "Damage": 0.527196646,
    "FireRate": 0.397489548,
    "Range": 0.251046032,
    "Accuracy": 0.594142258,
    "RecoilControl": 0.594142258,
    "Mobility": 0.656903744,
    "Handling": 0.5983264
  }
}