{
  "filename": "PDSW 528.png",
  "stats": {
    "Damage": 0.439330548,
    "FireRate": 0.702928841,
    "Range": 0.460251033,
    "Accuracy": 0.702928841,
    "RecoilControl": 0.426778257,
    "Mobility": 0.510460258,
    "Handling": 0.669456065
  }
}