{
  "filename": "PILA.png",
  "stats": {
    "Damage": 0.9456067,
    "FireRate": 0.368200839,
    "Range": 0.397489548,
    "Accuracy": 0.30962342,
    "RecoilControl": 0.539748967,
    "Mobility": 0.234309629,
    "Handling": 0.359832644
  }
}