{
  "filename": "RAAL MG.png",
  "stats": {
    "Damage": 0.9958159,
    "FireRate": 0.57740587,
    "Range": 0.702928841,
    "Accuracy": 0.64853555,
    "RecoilControl": 0.5313808,
    "Mobility": 0.238493726,
    "Handling": 0.26778242
  }
}