{
  "filename": "RAPP H.png",
  "stats": {
    "Damage": 0.510460258,
    "FireRate": 0.669456065,
    "Range": 0.506276131,
    "Accuracy": 0.57740587,
    "RecoilControl": 0.426778257,
    "Mobility": 0.292887032,
    "Handling": 0.338912129
  }
}