{
  "filename": "RPG-7.png",
  "stats": {
    "Damage": 0.9456067,
    "FireRate": 0.359832644,
    "Range": 0.251046032,
    "Accuracy": 0.326359838,
    "RecoilControl": 0.656903744,
    "Mobility": 0.338912129,
    "Handling": 0.418410033
  }
}