{
  "filename": "RPK.png",
  "stats": {
    "Damage": 0.5146443,
    "FireRate": 0.589958131,
    "Range": 0.46443516,
    "Accuracy": 0.30962342,
    "RecoilControl": 0.426778257,
    "Mobility": 0.326359838,
    "Handling": 0.38075313
  }
}