{
  "filename": "SA-B 50.png",
  "stats": {
    "Damage": 0.476987451,
    "FireRate": 0.376569033,
    "Range": 0.443514645,
    "Accuracy": 0.6359833,
    "RecoilControl": 0.627615035,
    "Mobility": 0.468619257,
    "Handling": 0.481171548
  }
}