{
  "filename": "Sakin MG38.png",
  "stats": {
    "Damage": 0.5230126,
    "FireRate": 0.61924684,
    "Range": 0.665271938,
    "Accuracy": 0.602510452,
    "RecoilControl": 0.426778257,
    "Mobility": 0.284518838,
    "Handling": 0.30962342
  }
}