{
  "filename": "Signal 50.png",
  "stats": {
    "Damage": 0.8284519,
    "FireRate": 0.384937227,
    "Range": 0.460251033,
    "Accuracy": 0.456066936,
    "RecoilControl": 0.6359833,
    "Mobility": 0.251046032,
    "Handling": 0.338912129
  }
}