{
  "filename": "SO-14.png",
  "stats": {
    "Damage": 0.485355645,
    "FireRate": 0.5606695,
    "Range": 0.430962354,
    "Accuracy": 0.57740587,
    "RecoilControl": 0.5313808,
    "Mobility": 0.384937227,
    "Handling": 0.472803354
  }
}