{
  "filename": "SP-X 80.png",
  "stats": {
    "Damage": 0.7949791,
    "FireRate": 0.364016742,
    "Range": 0.686192453,
    "Accuracy": 0.6610879,
    "RecoilControl": 0.631799161,
    "Mobility": 0.301255226,
    "Handling": 0.426778257
  }
}