{
  "filename": "SPR 208.png",
  "stats": {
    "Damage": 0.49372384,
    "FireRate": 0.364016742,
    "Range": 0.410041839,
    "Accuracy": 0.6903766,
    "RecoilControl": 0.6150628,
    "Mobility": 0.384937227,
    "Handling": 0.42259413
  }
}