{
  "filename": "STB 556.png",
  "stats": {
    "Damage": 0.502092063,
    "FireRate": 0.610878646,
    "Range": 0.426778257,
    "Accuracy": 0.447698742,
    "RecoilControl": 0.443514645,
    "Mobility": 0.468619257,
    "Handling": 0.585774064
  }
}