{
  "filename": "TAQ V.png",
  "stats": {
    "Damage": 0.489539742,
    "FireRate": 0.57740587,
    "Range": 0.468619257,
    "Accuracy": 0.518828452,
    "RecoilControl": 0.485355645,
    "Mobility": 0.460251033,
    "Handling": 0.5606695
  }
}