{
  "filename": "TAQ M.png",
  "stats": {
    "Damage": 0.677824259,
    "FireRate": 0.439330548,
    "Range": 0.5606695,
    "Accuracy": 0.677824259,
    "RecoilControl": 0.656903744,
    "Mobility": 0.426778257,
    "Handling": 0.539748967
  }
}