{
  "filename": "TAQ-59.png",
  "stats": {
    "Damage": 0.476987451,
    "FireRate": 0.631799161,
    "Range": 0.435146451,
    "Accuracy": 0.30962342,
    "RecoilControl": 0.426778257,
    "Mobility": 0.506276131,
    "Handling": 0.5983264
  }
}