{
  "filename": "Tempus Razorback.png",
  "stats": {
    "Damage": 0.472803354,
    "FireRate": 0.6736402,
    "Range": 0.430962354,
    "Accuracy": 0.485355645,
    "RecoilControl": 0.443514645,
    "Mobility": 0.506276131,
    "Handling": 0.6527197
  }
}