{
  "filename": "Tempus Torrent.png",
  "stats": {
    "Damage": 0.581589937,
    "FireRate": 0.476987451,
    "Range": 0.384937227,
    "Accuracy": 0.677824259,
    "RecoilControl": 0.585774064,
    "Mobility": 0.368200839,
    "Handling": 0.5313808
  }
}