{
  "filename": "Vaznek-9k.png",
  "stats": {
    "Damage": 0.472803354,
    "FireRate": 0.669456065,
    "Range": 0.359832644,
    "Accuracy": 0.57740587,
    "RecoilControl": 0.468619257,
    "Mobility": 0.510460258,
    "Handling": 0.6443515
  }
}