{
  "filename": "Vel 46.png",
  "stats": {
    "Damage": 0.435146451,
    "FireRate": 0.7280335,
    "Range": 0.372384936,
    "Accuracy": 0.5606695,
    "RecoilControl": 0.426778257,
    "Mobility": 0.5523012,
    "Handling": 0.6527197
  }
}