{
  "filename": "Victus XMR.png",
  "stats": {
    "Damage": 0.9456067,
    "FireRate": 0.359832644,
    "Range": 0.7740586,
    "Accuracy": 0.543933034,
    "RecoilControl": 0.426778257,
    "Mobility": 0.251046032,
    "Handling": 0.376569033
  }
}