{
  "filename": "x12.png",
  "stats": {
    "Damage": 0.49372384,
    "FireRate": 0.489539742,
    "Range": 0.263598323,
    "Accuracy": 0.543933034,
    "RecoilControl": 0.57740587,
    "Mobility": 0.589958131,
    "Handling": 0.5983264
  }
}