{
  "filename": "X13 Auto.png",
  "stats": {
    "Damage": 0.426778257,
    "FireRate": 0.7196653,
    "Range": 0.242677823,
    "Accuracy": 0.502092063,
    "RecoilControl": 0.426778257,
    "Mobility": 0.656903744,
    "Handling": 0.5983264
  }
}